{"cameraMode":{"drawMode":0,"name":"Shaded","section":"Shading Mode"},"sceneLighting":false,"audioPlay":false,"sceneViewState":{"m_AlwaysRefresh":false,"showFog":true,"showSkybox":false,"showFlares":true,"showImageEffects":true,"showParticleSystems":true,"showVisualEffectGraphs":true,"m_FxEnabled":true},"in2DMode":false,"pivot":{"x":0.03484392166137695,"y":4.878777980804443,"z":-0.19550037384033204},"rotation":{"x":0.0012417854741215706,"y":0.7242773175239563,"z":-0.6895081400871277,"w":0.0013042931677773595},"size":178.8040313720703,"orthographic":false}