{"cameraMode":{"drawMode":0,"name":"Shaded","section":"Shading Mode"},"sceneLighting":true,"audioPlay":false,"sceneViewState":{"m_AlwaysRefresh":false,"showFog":true,"showSkybox":true,"showFlares":true,"showImageEffects":true,"showParticleSystems":true,"showVisualEffectGraphs":true,"m_FxEnabled":true},"in2DMode":false,"pivot":{"x":11.772388458251954,"y":1.2678108215332032,"z":12.385972023010254},"rotation":{"x":-0.7002922296524048,"y":0.0025681417901068928,"z":-0.0025172652676701547,"w":-0.7138514518737793},"size":12.284808158874512,"orthographic":false}