{"cameraMode":{"drawMode":0,"name":"Shaded","section":"Shading Mode"},"sceneLighting":true,"audioPlay":false,"sceneViewState":{"m_AlwaysRefresh":false,"showFog":true,"showSkybox":true,"showFlares":true,"showImageEffects":true,"showParticleSystems":true,"showVisualEffectGraphs":true,"m_FxEnabled":true},"in2DMode":false,"pivot":{"x":11.283519744873047,"y":0.0006961822509765625,"z":12.023031234741211},"rotation":{"x":-0.705630362033844,"y":0.0004229651531204581,"z":-0.0004216432280372828,"w":-0.7085831761360169},"size":10.731194496154786,"orthographic":false}